Algorithm,nrecs,ndcg,recip_rank,precision,recall,hit_rate,coverage,diversity,MAE,RMSE
Popular,100.0,0.2115680487365765,0.3808760542612817,0.06327868852459016,0.31901381462737166,0.8836065573770492,0.05067064083457526,0.926672012460193,,
ALS,100.0,0.08770419256818555,0.1641317180912743,0.028704918032786887,0.13522261650900316,0.7,0.25842026825633385,0.9547083873617007,0.6527634171744013,0.8536903749770681
ItemKNN,100.0,0.010241823886424653,0.011585645357363483,0.006114754098360656,0.02223414917677442,0.2786885245901639,0.21490312965722802,0.9707755883445692,0.6541903929082767,0.8601388060240334
UserKNN,100.0,0.0010908525081773318,0.002938895085770287,0.0008210180623973727,0.0018322479870133625,0.060655737704918035,0.15946348733233978,0.9672596221263525,0.6707875279876993,0.8821500944045773
CosineSim,96.49180327868852,0.0,0.0,0.008645522144910883,0.014763782522152663,0.14590163934426228,0.8782414307004471,0.8984505821768214,,
