Algorithm,MAE,RMSE,N_predictions
ALS,0.6428545761370802,0.8356727832065013,15277.0
ItemKNN,0.6442465595190168,0.8404848622411195,14705.0
CustomPredictor (with bias),0.6523666645022419,0.8478049680049963,15761.0
UserKNN,0.6621719498998039,0.865847252268991,15133.0
CustomPredictor (no bias),0.6916476074810314,0.889617798508271,15761.0
