Algorithm,RMSE,RMSE_std,MAE,MAE_std,Coverage,n_users
CosineSim,0.8626513045858955,0.3012420087258009,0.7495421889118955,0.308798767668622,100.0,5
