Algorithm,RMSE,RMSE_std,MAE,MAE_std,Coverage,n_users
CosineSim,0.8848683373301998,0.30975740436066296,0.7270349387539151,0.28386851935604845,100.0,50
