Algorithm,MAE,RMSE,N_predictions
ALS,0.6495245261986564,0.8482968954909438,15287.0
ItemKNN,0.6516798665928555,0.8541871208440625,14714.0
CustomPredictor (with bias),0.662309031637689,0.8614873536844605,15761.0
UserKNN,0.6731192376525178,0.8833598892873534,15151.0
CustomPredictor (no bias),0.7016501073205574,0.9019718657179597,15761.0
