Algorithm,nrecs,ndcg,precision,recall,hit_rate,coverage,diversity,MAE,RMSE
UserKNN-30,100.0,0.001446671634561776,0.0009031198686371101,0.003216168302219215,0.06732348111658457,0.15931445603576752,0.9643267932093382,0.6685495430554315,0.8764057981462482
ALS,100.0,,0.0,,0.7180327868852459,0.26825633383010433,0.9525789885642014,0.6460198909036847,0.8416005789015853
FeatureBased,100.0,,0.0,,0.8098360655737705,0.5360655737704918,0.8823705117612531,2.3906174237447573,2.6358345196166093
ItemKNN-20,100.0,,0.0,,0.2721311475409836,0.21609538002980627,0.9712413594227818,0.6492377490595449,0.8497391600903751
ItemKNN-50,100.0,,0.0,,0.23114754098360657,0.20789865871833085,0.9713922579062604,0.6483691536061601,0.8474575190852813
Popular,100.0,,0.0,,0.898360655737705,0.05096870342771982,0.9279977555546816,,
