Algorithm,nrecs,ndcg,recip_rank,precision,recall,hit_rate,coverage,diversity,MAE,RMSE,pred_coverage
Popular,100.0,0.20995174662041974,0.36809950419605725,0.06421311475409837,0.331106637781499,0.8934426229508197,0.05141579731743666,0.9268267675955957,,,
ALS,100.0,0.0844586378904599,0.15398209744303487,0.026934426229508195,0.1361293423405731,0.6967213114754098,0.2634873323397914,0.9537480726210515,0.9521170579709576,1.2066601307194003,19.408666962756172
ItemKNN-20,100.0,0.009722677839895631,0.009471843629951498,0.00578688524590164,0.02237331898360492,0.29508196721311475,0.2180327868852459,0.9720490694395889,0.9696190832122727,1.2386887229795525,18.723431254362033
ItemKNN-50,100.0,0.0073672500295831455,0.007501636674119355,0.004426229508196722,0.01823642059660517,0.25081967213114753,0.20998509687034278,0.9723719358555882,0.9689933525083942,1.2357252079604735,18.723431254362033
UserKNN-30,100.0,0.0011519888977002647,0.004136008760788176,0.0008538587848932677,0.0023387289247043448,0.06732348111658457,0.1555886736214605,0.9674578561685407,1.0100333778336592,1.2922847700195872,19.250047585813082
CosineSim,100.0,0.0,0.0,0.03588524590163934,0.19137430324092253,0.8262295081967214,0.6597615499254843,0.8718612318634925,0.6954092564165288,0.8968848647798625,100.0
