Algorithm,nrecs,ndcg,recip_rank,recall,MAE,RMSE
Popular,100.0,0.20720083229118597,0.35887800678381854,0.32493473614089763,,
ALS,100.0,0.088716003127545,0.17882930548409018,0.13859434266485188,0.6466793110291845,0.8490957339307551
ItemKNN-20,100.0,0.010769030318205483,0.009390775836721689,0.025521778038346526,0.6559641502673924,0.8635442436774741
ItemKNN-50,100.0,0.009057772816975423,0.007482681452944518,0.02274301208705314,0.6542380546980634,0.8606052421268248
UserKNN-30,100.0,0.001058765704586717,0.003515940068888799,0.00187957357601875,0.6685588757842297,0.8805440379863807
CosineSim,100.0,0.0,0.0,0.05383001907888188,0.6913422461490476,0.8948592888382109
